{
	"info": {
		"_postman_id": "3e1ca76b-a29c-4adc-9cfe-1a050ccfa540",
		"name": "ReqRes",
		"schema": "https://schema.getpostman.com/json/collection/v2.1.0/collection.json",
		"_exporter_id": "30355070"
	},
	"item": [
		{
			"name": "Register",
			"event": [
				{
					"listen": "test",
					"script": {
						"exec": [
							"//Validate response status\r",
							"pm.test(\"Response status code is 200\", function () {\r",
							"    pm.response.to.have.status(200);\r",
							"    console.log(\"Response status code is 200\");\r",
							"});\r",
							"\r",
							"//Validate payload response structure\r",
							"\r",
							" pm.test(\"Response should have expected payload structure\", () => {\r",
							"    const res = pm.response.json(); \r",
							"    pm.expect(res).to.have.property(\"id\");\r",
							"    pm.expect(res).to.have.property(\"token\");\r",
							"    console.log(\"Response payload structure is valid\");\r",
							"});\r",
							"\r",
							"\r",
							"// Validate business logic\r",
							"pm.test(\"Valid ID and token structure\", function () {\r",
							"    const responseJSON = pm.response.json();\r",
							"    pm.expect(responseJSON.id).to.be.a('number').and.to.be.greaterThan(0);\r",
							"    pm.expect(responseJSON.token).to.be.a('string').and.to.have.length.above(15);\r",
							"    console.log(\"Response business logic is valid\")\r",
							"});\r",
							""
						],
						"type": "text/javascript",
						"packages": {}
					}
				},
				{
					"listen": "prerequest",
					"script": {
						"exec": [
							""
						],
						"type": "text/javascript",
						"packages": {}
					}
				}
			],
			"request": {
				"method": "POST",
				"header": [
					{
						"key": "x-api-key",
						"value": "reqres-free-v1",
						"type": "text"
					}
				],
				"body": {
					"mode": "raw",
					"raw": "{\r\n  \"email\": \"eve.holt@reqres.in\",\r\n  \"password\": \"pistol\"\r\n}",
					"options": {
						"raw": {
							"language": "json"
						}
					}
				},
				"url": {
					"raw": "{{server}}/register",
					"host": [
						"{{server}}"
					],
					"path": [
						"register"
					]
				}
			},
			"response": []
		},
		{
			"name": "Login",
			"request": {
				"method": "POST",
				"header": [
					{
						"key": "x-api-key",
						"value": "reqres-free-v1",
						"type": "text"
					}
				],
				"body": {
					"mode": "raw",
					"raw": "{\r\n  \"email\": \"eve.holt@reqres.in\",\r\n  \"password\": \"pistol\"\r\n}\r\n",
					"options": {
						"raw": {
							"language": "json"
						}
					}
				},
				"url": {
					"raw": "{{server}}/login",
					"host": [
						"{{server}}"
					],
					"path": [
						"login"
					]
				}
			},
			"response": []
		},
		{
			"name": "List users",
			"request": {
				"method": "GET",
				"header": []
			},
			"response": []
		},
		{
			"name": "Single user",
			"request": {
				"method": "GET",
				"header": [
					{
						"key": "x-api-key",
						"value": "reqres-free-v1",
						"type": "text"
					}
				],
				"url": {
					"raw": "{{server}}/api/users/{id}",
					"host": [
						"{{server}}"
					],
					"path": [
						"api",
						"users",
						"{id}"
					]
				}
			},
			"response": []
		},
		{
			"name": "Create user",
			"request": {
				"method": "POST",
				"header": [
					{
						"key": "x-api-key",
						"value": "reqres-free-v1",
						"type": "text"
					}
				],
				"body": {
					"mode": "raw",
					"raw": "{\r\n\"name\": \"morpheus\",\r\n\"job\": \"leader\"\r\n}",
					"options": {
						"raw": {
							"language": "json"
						}
					}
				},
				"url": {
					"raw": "{{server}}/users",
					"host": [
						"{{server}}"
					],
					"path": [
						"users"
					]
				}
			},
			"response": []
		},
		{
			"name": "Update user",
			"request": {
				"method": "PUT",
				"header": [
					{
						"key": "x-api-key",
						"value": "reqres-free-v1",
						"type": "text"
					}
				],
				"body": {
					"mode": "raw",
					"raw": "{\r\n\"first_name\": \"George\"\r\n}",
					"options": {
						"raw": {
							"language": "json"
						}
					}
				},
				"url": {
					"raw": "{{server}}/users/1",
					"host": [
						"{{server}}"
					],
					"path": [
						"users",
						"1"
					]
				}
			},
			"response": []
		},
		{
			"name": "Delete user",
			"request": {
				"method": "DELETE",
				"header": [
					{
						"key": "x-api-key",
						"value": "reqres-free-v1",
						"type": "text"
					}
				],
				"url": {
					"raw": "{{server}}/users/89",
					"host": [
						"{{server}}"
					],
					"path": [
						"users",
						"89"
					]
				}
			},
			"response": []
		},
		{
			"name": "Single user not in the list",
			"request": {
				"method": "GET",
				"header": []
			},
			"response": []
		},
		{
			"name": "Registration unsucessfull",
			"event": [
				{
					"listen": "test",
					"script": {
						"exec": [
							"pm.test(\"Should fail with 400 - Missing password\", () => {\r",
							"  pm.expect(pm.response.code).to.eql(400);\r",
							"  pm.expect(pm.response.json().error).to.include(\"Missing password\");\r",
							"})"
						],
						"type": "text/javascript",
						"packages": {}
					}
				}
			],
			"request": {
				"method": "POST",
				"header": [
					{
						"key": "x-api-key",
						"value": "reqres-free-v1",
						"type": "text"
					}
				],
				"body": {
					"mode": "raw",
					"raw": "{\r\n    \"email\": \"sydney@fife\"\r\n}",
					"options": {
						"raw": {
							"language": "json"
						}
					}
				},
				"url": {
					"raw": "{{server}}/register",
					"host": [
						"{{server}}"
					],
					"path": [
						"register"
					]
				}
			},
			"response": []
		},
		{
			"name": "Login Unsuccessfull",
			"request": {
				"method": "POST",
				"header": [
					{
						"key": "x-api-key",
						"value": "reqres-free-v1",
						"type": "text"
					}
				],
				"body": {
					"mode": "raw",
					"raw": "{\r\n    \"email\": \"peter@klaven\"\r\n}",
					"options": {
						"raw": {
							"language": "json"
						}
					}
				},
				"url": {
					"raw": "{{server}}/login",
					"host": [
						"{{server}}"
					],
					"path": [
						"login"
					]
				}
			},
			"response": []
		},
		{
			"name": "Invalid email register",
			"event": [
				{
					"listen": "test",
					"script": {
						"exec": [
							"pm.test(\"Should fail with 400 - Invalid email\", () => {\r",
							"pm.response.to.have.status(400);\r",
							"pm.expect(pm.response.text()).to.include(\"Invalid email\");\r",
							"});"
						],
						"type": "text/javascript",
						"packages": {}
					}
				}
			],
			"request": {
				"method": "POST",
				"header": [
					{
						"key": "x-api-key",
						"value": "reqres-free-v1",
						"type": "text"
					}
				],
				"body": {
					"mode": "raw",
					"raw": "{\r\n    \"email\": \"peter\",\r\n    \"password\": \"cityslicka\"\r\n}",
					"options": {
						"raw": {
							"language": "json"
						}
					}
				},
				"url": {
					"raw": "{{server}}/login",
					"host": [
						"{{server}}"
					],
					"path": [
						"login"
					]
				}
			},
			"response": []
		},
		{
			"name": "Invalid email login",
			"request": {
				"method": "GET",
				"header": []
			},
			"response": []
		},
		{
			"name": "Missing password",
			"request": {
				"method": "POST",
				"header": [
					{
						"key": "x-api-key",
						"value": "reqres-free-v1",
						"type": "text"
					}
				],
				"body": {
					"mode": "raw",
					"raw": "{\r\n  \"email\": \"eve.holt@reqres.in\"\r\n \r\n}",
					"options": {
						"raw": {
							"language": "json"
						}
					}
				},
				"url": {
					"raw": "{{server}}/register",
					"host": [
						"{{server}}"
					],
					"path": [
						"register"
					]
				}
			},
			"response": []
		},
		{
			"name": "Without apikey",
			"request": {
				"method": "POST",
				"header": [
					{
						"key": "x-api-key",
						"value": "reqres-free-v1",
						"type": "text"
					}
				],
				"body": {
					"mode": "raw",
					"raw": "{\r\n    \"email\": \"sydney\"\r\n}",
					"options": {
						"raw": {
							"language": "json"
						}
					}
				},
				"url": {
					"raw": "{{server}}/register",
					"host": [
						"{{server}}"
					],
					"path": [
						"register"
					]
				}
			},
			"response": []
		}
	],
	"variable": [
		{
			"key": "server",
			"value": "https://reqres.in/api",
			"type": "default"
		}
	]
}